Workbook

Sheet Junio
B1: ESTADO DE POZOS - JUNIO 2024 (OIG PERÚ) | J1: 45444 | M1: 45413
B2: *PFORMACION | C2: *ESTADO | D2: *TIPO_DE_POZO | E2: *ULT_EST | F2: *BATERIA | G2: *ULT_EST Mayo | J2: Count of *PFORMACION | M2: Count of *PFORMACION
B3: AA3 | C3: DPA | D3: SECO | E3: DPAPET | F3: ABAND. | G3: =IFERROR(VLOOKUP(B3,Mayo!$B$2:$G$5822,4,0),"") -> DPAPET | J3: *ULT_EST | K3: Total | M3: *ULT_EST | N3: Total
B4: AA11 | C4: BM | D4: BM | E4: BM | F4: CA 19 | G4: =IFERROR(VLOOKUP(B4,Mayo!$B$2:$G$5822,4,0),"") -> BM | J4: ACTINYA | K4: 45 | M4: ACTINYA | N4: 44 | O4: =+K4-N4 -> 1
B5: AA16 | C5: ATA | D5: CT | E5: ATAPET | F5: ATA | G5: =IFERROR(VLOOKUP(B5,Mayo!$B$2:$G$5822,4,0),"") -> ATAPET | J5: ACTINYG | K5: 2 | M5: ACTINYG | N5: 2 | O5: =+K5-N5 -> 0
B6: AA25 | C6: PETS | D6: SUABTBG | E6: ACTPETS | F6: SWAB | G6: =IFERROR(VLOOKUP(B6,Mayo!$B$2:$G$5822,4,0),"") -> ACTPETS | J6: ACTPETF | K6: 184 | M6: ACTPETF | N6: 154 | O6: =+K6-N6 -> 30
B7: AA26 | C7: DPA | D7: SECO | E7: DPAPET | F7: ABAND. | G7: =IFERROR(VLOOKUP(B7,Mayo!$B$2:$G$5822,4,0),"") -> DPAPET | J7: ACTPETS | K7: 494 | M7: ACTPETS | N7: 453 | O7: =+K7-N7 -> 41
B8: AA27 | C8: PETF | D8: SUABCSG | E8: ACTPETF | F8: SWAB | G8: =IFERROR(VLOOKUP(B8,Mayo!$B$2:$G$5822,4,0),"") -> ACTPETF | J8: APA_CNPC | K8: 187 | M8: APA_CNPC | N8: 187 | O8: =+K8-N8 -> 0
B9: AA28 | C9: APA | D9: A | E9: APA_PC | F9: ABAND. | G9: =IFERROR(VLOOKUP(B9,Mayo!$B$2:$G$5822,4,0),"") -> APA_PC | J9: APA_PB | K9: 14 | M9: APA_PB | N9: 14 | O9: =+K9-N9 -> 0
B10: AA35 | C10: ATA | D10: CT | E10: ATAPET | F10: ATA | G10: =IFERROR(VLOOKUP(B10,Mayo!$B$2:$G$5822,4,0),"") -> ATAPET | J10: APA_PC | K10: 1013 | M10: APA_PC | N10: 1013 | O10: =+K10-N10 -> 0
B11: AA36 | C11: APA | D11: A | E11: APAPET | F11: ABAND. | G11: =IFERROR(VLOOKUP(B11,Mayo!$B$2:$G$5822,4,0),"") -> APAPET | J11: APAPET | K11: 290 | M11: APAPET | N11: 290 | O11: =+K11-N11 -> 0
B12: AA37 | C12: CM | D12: CM | E12: INACTPETF | F12: SWAB | G12: =IFERROR(VLOOKUP(B12,Mayo!$B$2:$G$5822,4,0),"") -> INACTPETF | J12: ATAGAS | K12: 3 | M12: ATAGAS | N12: 3 | O12: =+K12-N12 -> 0
B13: AA39 | C13: PETF | D13: SUABCSG | E13: ACTPETF | F13: SWAB | G13: =IFERROR(VLOOKUP(B13,Mayo!$B$2:$G$5822,4,0),"") -> ACTPETF | J13: ATAINY | K13: 11 | M13: ATAINY | N13: 11 | O13: =+K13-N13 -> 0
B14: AA40 | C14: ATA | D14: CT | E14: ATAPET | F14: ATA | G14: =IFERROR(VLOOKUP(B14,Mayo!$B$2:$G$5822,4,0),"") -> ATAPET | J14: ATAPET | K14: 475 | M14: ATAPET | N14: 475 | O14: =+K14-N14 -> 0
B15: AA41 | C15: DPA | D15: SECO | E15: DPAPET | F15: ABAND. | G15: =IFERROR(VLOOKUP(B15,Mayo!$B$2:$G$5822,4,0),"") -> DPAPET | J15: BCP | K15: 8 | M15: BCP | N15: 8 | O15: =+K15-N15 -> 0
... B31: AA60 | C31: DPA | D31: SECO | E31: DPAPET | F31: ABAND. | G31: =IFERROR(VLOOKUP(B31,Mayo!$B$2:$G$5822,4,0),"") -> DPAPET | J31: Total general | K31: 5820 | M31: Total general | N31: 5820 | O31: =+K31-N31 -> 0
B32: AA61 | C32: BM | D32: BM | E32: BM | F32: CA 19 | G32: =IFERROR(VLOOKUP(B32,Mayo!$B$2:$G$5822,4,0),"") -> BM
B33: AA62 | C33: APA | D33: A | E33: APA_CNPC | F33: ABAND. | G33: =IFERROR(VLOOKUP(B33,Mayo!$B$2:$G$5822,4,0),"") -> APA_CNPC
B34: AA63 | C34: ATA | D34: CT | E34: ATAPET | F34: ATA | G34: =IFERROR(VLOOKUP(B34,Mayo!$B$2:$G$5822,4,0),"") -> ATAPET
B35: AA64 | C35: PETS | D35: SUABTBG | E35: ACTPETS | F35: SWAB | G35: =IFERROR(VLOOKUP(B35,Mayo!$B$2:$G$5822,4,0),"") -> ACTPETS
B36: AA65 | C36: ATA | D36: CT | E36: ATAPET | F36: ATA | G36: =IFERROR(VLOOKUP(B36,Mayo!$B$2:$G$5822,4,0),"") -> ATAPET
B37: AA66 | C37: ATA | D37: CT | E37: ATAPET | F37: ATA | G37: =IFERROR(VLOOKUP(B37,Mayo!$B$2:$G$5822,4,0),"") -> ATAPET
B38: AA68 | C38: PETS | D38: SUABTBG | E38: ACTPETS | F38: SWAB | G38: =IFERROR(VLOOKUP(B38,Mayo!$B$2:$G$5822,4,0),"") -> ACTPETS
B39: AA70 | C39: BM | D39: BM | E39: BM | F39: CA 19 | G39: =IFERROR(VLOOKUP(B39,Mayo!$B$2:$G$5822,4,0),"") -> BM
B40: AA71 | C40: CM | D40: CM | E40: INACTBM | F40: CA 19 | G40: =IFERROR(VLOOKUP(B40,Mayo!$B$2:$G$5822,4,0),"") -> INACTBM
B41: AA72 | C41: BM | D41: BM | E41: BM | F41: CA 19 | G41: =IFERROR(VLOOKUP(B41,Mayo!$B$2:$G$5822,4,0),"") -> BM
B42: AA76 | C42: CM | D42: CM | E42: INACTPETF | F42: SWAB | G42: =IFERROR(VLOOKUP(B42,Mayo!$B$2:$G$5822,4,0),"") -> INACTPETF
B43: AA78 | C43: DPA | D43: SECO | E43: DPAPET | F43: ABAND. | G43: =IFERROR(VLOOKUP(B43,Mayo!$B$2:$G$5822,4,0),"") -> DPAPET
... B5822: PTE-10 | C5822: ATA | D5822: CT | E5822: ATAPET | F5822: ATA | G5822: =IFERROR(VLOOKUP(B5822,Mayo!$B$2:$G$5822,4,0),"") -> ATAPET

Sheet Mayo
B1: ESTADO DE POZOS - MAYO 2024 (OIG PERÚ) | J1: 45413 | M1: 45383
B2: *PFORMACION | C2: *ESTADO | D2: *TIPO_DE_POZO | E2: *ULT_EST | F2: *BATERIA | G2: *ULT_EST Abril | J2: Count of *PFORMACION | M2: Count of *PFORMACION
B3: AA3 | C3: DPA | D3: SECO | E3: DPAPET | F3: ABAND. | G3: =IFERROR(VLOOKUP(B3,Abril!$B$2:$G$5822,4,0),"") -> DPAPET | J3: *ULT_EST | K3: Total | M3: *ULT_EST | N3: Total
B4: AA11 | C4: BM | D4: BM | E4: BM | F4: CA 19 | G4: =IFERROR(VLOOKUP(B4,Abril!$B$2:$G$5822,4,0),"") -> BM | J4: ACTINYA | K4: 44 | M4: ACTINYA | N4: 44 | O4: =+K4-N4 -> 0
B5: AA16 | C5: ATA | D5: CT | E5: ATAPET | F5: ATA | G5: =IFERROR(VLOOKUP(B5,Abril!$B$2:$G$5822,4,0),"") -> ATAPET | J5: ACTINYG | K5: 2 | M5: ACTPETF | N5: 192 | O5: =+K6-N5 -> -38
B6: AA25 | C6: PETS | D6: SUABTBG | E6: ACTPETS | F6: SWAB | G6: =IFERROR(VLOOKUP(B6,Abril!$B$2:$G$5822,4,0),"") -> ACTPETS | J6: ACTPETF | K6: 154 | M6: ACTPETS | N6: 510 | O6: =+K7-N6 -> -57
B7: AA26 | C7: DPA | D7: SECO | E7: DPAPET | F7: ABAND. | G7: =IFERROR(VLOOKUP(B7,Abril!$B$2:$G$5822,4,0),"") -> DPAPET | J7: ACTPETS | K7: 453 | M7: APA_CNPC | N7: 187 | O7: =+K8-N7 -> 0
B8: AA27 | C8: PETF | D8: SUABCSG | E8: ACTPETF | F8: SWAB | G8: =IFERROR(VLOOKUP(B8,Abril!$B$2:$G$5822,4,0),"") -> ACTPETF | J8: APA_CNPC | K8: 187 | M8: APA_PB | N8: 14 | O8: =+K9-N8 -> 0
B9: AA28 | C9: APA | D9: A | E9: APA_PC | F9: ABAND. | G9: =IFERROR(VLOOKUP(B9,Abril!$B$2:$G$5822,4,0),"") -> APA_PC | J9: APA_PB | K9: 14 | M9: APA_PC | N9: 1013 | O9: =+K10-N9 -> 0
B10: AA35 | C10: ATA | D10: CT | E10: ATAPET | F10: ATA | G10: =IFERROR(VLOOKUP(B10,Abril!$B$2:$G$5822,4,0),"") -> ATAPET | J10: APA_PC | K10: 1013 | M10: APAPET | N10: 290 | O10: =+K11-N10 -> 0
B11: AA36 | C11: APA | D11: A | E11: APAPET | F11: ABAND. | G11: =IFERROR(VLOOKUP(B11,Abril!$B$2:$G$5822,4,0),"") -> APAPET | J11: APAPET | K11: 290 | M11: ATAGAS | N11: 3 | O11: =+K12-N11 -> 0
B12: AA37 | C12: CM | D12: CM | E12: INACTPETF | F12: SWAB | G12: =IFERROR(VLOOKUP(B12,Abril!$B$2:$G$5822,4,0),"") -> INACTPETF | J12: ATAGAS | K12: 3 | M12: ATAINY | N12: 11 | O12: =+K13-N12 -> 0
B13: AA39 | C13: PETF | D13: SUABCSG | E13: ACTPETF | F13: SWAB | G13: =IFERROR(VLOOKUP(B13,Abril!$B$2:$G$5822,4,0),"") -> ACTPETF | J13: ATAINY | K13: 11 | M13: ATAPET | N13: 475 | O13: =+K14-N13 -> 0
B14: AA40 | C14: ATA | D14: CT | E14: ATAPET | F14: ATA | G14: =IFERROR(VLOOKUP(B14,Abril!$B$2:$G$5822,4,0),"") -> ATAPET | J14: ATAPET | K14: 475 | M14: BCP | N14: 9 | O14: =+K15-N14 -> -1
B15: AA41 | C15: DPA | D15: SECO | E15: DPAPET | F15: ABAND. | G15: =IFERROR(VLOOKUP(B15,Abril!$B$2:$G$5822,4,0),"") -> DPAPET | J15: BCP | K15: 8 | M15: BM | N15: 2124 | O15: =+K16-N15 -> -124
B16: AA42 | C16: DPA | D16: SECO | E16: DPAPET | F16: ABAND. | G16: =IFERROR(VLOOKUP(B16,Abril!$B$2:$G$5822,4,0),"") -> DPAPET | J16: BM | K16: 2000 | M16: BO | N16: 19 | O16: =+K17-N16 -> 0
... B30: AA58 | C30: BM | D30: BM | E30: BM | F30: CA 19 | G30: =IFERROR(VLOOKUP(B30,Abril!$B$2:$G$5822,4,0),"") -> BM | J30: PL | K30: 59 | M30: Total general | N30: 5820 | O30: =+K31-N30 -> 0
B31: AA60 | C31: DPA | D31: SECO | E31: DPAPET | F31: ABAND. | G31: =IFERROR(VLOOKUP(B31,Abril!$B$2:$G$5822,4,0),"") -> DPAPET | J31: Total general | K31: 5820
B32: AA61 | C32: BM | D32: BM | E32: BM | F32: CA 19 | G32: =IFERROR(VLOOKUP(B32,Abril!$B$2:$G$5822,4,0),"") -> BM
B33: AA62 | C33: APA | D33: A | E33: APA_CNPC | F33: ABAND. | G33: =IFERROR(VLOOKUP(B33,Abril!$B$2:$G$5822,4,0),"") -> APA_CNPC
B34: AA63 | C34: ATA | D34: CT | E34: ATAPET | F34: ATA | G34: =IFERROR(VLOOKUP(B34,Abril!$B$2:$G$5822,4,0),"") -> ATAPET
B35: AA64 | C35: PETS | D35: SUABTBG | E35: ACTPETS | F35: SWAB | G35: =IFERROR(VLOOKUP(B35,Abril!$B$2:$G$5822,4,0),"") -> ACTPETS
B36: AA65 | C36: ATA | D36: CT | E36: ATAPET | F36: ATA | G36: =IFERROR(VLOOKUP(B36,Abril!$B$2:$G$5822,4,0),"") -> ATAPET
B37: AA66 | C37: ATA | D37: CT | E37: ATAPET | F37: ATA | G37: =IFERROR(VLOOKUP(B37,Abril!$B$2:$G$5822,4,0),"") -> ATAPET
B38: AA68 | C38: PETS | D38: SUABTBG | E38: ACTPETS | F38: SWAB | G38: =IFERROR(VLOOKUP(B38,Abril!$B$2:$G$5822,4,0),"") -> ACTPETS
B39: AA70 | C39: BM | D39: BM | E39: BM | F39: CA 19 | G39: =IFERROR(VLOOKUP(B39,Abril!$B$2:$G$5822,4,0),"") -> BM
B40: AA71 | C40: CM | D40: CM | E40: INACTBM | F40: CA 19 | G40: =IFERROR(VLOOKUP(B40,Abril!$B$2:$G$5822,4,0),"") -> INACTBM
B41: AA72 | C41: BM | D41: BM | E41: BM | F41: CA 19 | G41: =IFERROR(VLOOKUP(B41,Abril!$B$2:$G$5822,4,0),"") -> BM
B42: AA76 | C42: CM | D42: CM | E42: INACTPETF | F42: SWAB | G42: =IFERROR(VLOOKUP(B42,Abril!$B$2:$G$5822,4,0),"") -> INACTPETF
B43: AA78 | C43: DPA | D43: SECO | E43: DPAPET | F43: ABAND. | G43: =IFERROR(VLOOKUP(B43,Abril!$B$2:$G$5822,4,0),"") -> DPAPET
... B5822: PTE-10 | C5822: ATA | D5822: CT | E5822: ATAPET | F5822: ATA | G5822: =IFERROR(VLOOKUP(B5822,Abril!$B$2:$G$5822,4,0),"") -> ATAPET

Sheet Abril
B1: ESTADO DE POZOS - ABRIL 2024 | J1: 45383 | M1: 45352
B2: *PFORMACION | C2: *ESTADO | D2: *TIPO_DE_POZO | E2: *ULT_EST | F2: *BATERIA | G2: *ULT_EST Marzo | J2: Count of *PFORMACION | M2: Count of *PFORMACION
B3: AA3 | C3: DPA | D3: SECO | E3: DPAPET | F3: ABAND. | G3: DPAPET | J3: *ULT_EST | K3: Total | M3: *ULT_EST | N3: Total
B4: AA11 | C4: BM | D4: BM | E4: BM | F4: CA 19 | G4: BM | J4: ACTINYA | K4: 44 | M4: ACTINYA | N4: 50 | O4: =+K4-N4 -> -6
B5: AA16 | C5: ATA | D5: CT | E5: ATAPET | F5: ATA | G5: ATAPET | J5: ACTPETF | K5: 192 | M5: ACTPETF | N5: 190 | O5: =+K5-N5 -> 2
B6: AA25 | C6: PETS | D6: SUABTBG | E6: ACTPETS | F6: SWAB | G6: ACTPETS | J6: ACTPETS | K6: 510 | M6: ACTPETS | N6: 509 | O6: =+K6-N6 -> 1
B7: AA26 | C7: DPA | D7: SECO | E7: DPAPET | F7: ABAND. | G7: DPAPET | J7: APA_CNPC | K7: 187 | M7: APA_CNPC | N7: 184 | O7: =+K7-N7 -> 3
B8: AA27 | C8: PETF | D8: SUABCSG | E8: ACTPETF | F8: SWAB | G8: ACTPETF | J8: APA_PB | K8: 14 | M8: APA_PB | N8: 14 | O8: =+K8-N8 -> 0
B9: AA28 | C9: APA | D9: A | E9: APA_PC | F9: ABAND. | G9: APA_PC | J9: APA_PC | K9: 1013 | M9: APA_PC | N9: 1013 | O9: =+K9-N9 -> 0
B10: AA35 | C10: ATA | D10: CT | E10: ATAPET | F10: ATA | G10: ATAPET | J10: APAPET | K10: 290 | M10: APAPET | N10: 290 | O10: =+K10-N10 -> 0
B11: AA36 | C11: APA | D11: A | E11: APAPET | F11: ABAND. | G11: APAPET | J11: ATAGAS | K11: 3 | M11: ATAGAS | N11: 3 | O11: =+K11-N11 -> 0
B12: AA37 | C12: CM | D12: CM | E12: INACTPETF | F12: SWAB | G12: INACTPETF | J12: ATAINY | K12: 11 | M12: ATAINY | N12: 11 | O12: =+K12-N12 -> 0
B13: AA39 | C13: PETF | D13: SUABCSG | E13: ACTPETF | F13: SWAB | G13: ACTPETF | J13: ATAPET | K13: 475 | M13: ATAPET | N13: 478 | O13: =+K13-N13 -> -3
B14: AA40 | C14: ATA | D14: CT | E14: ATAPET | F14: ATA | G14: ATAPET | J14: BCP | K14: 9 | M14: BCP | N14: 9 | O14: =+K14-N14 -> 0
B15: AA41 | C15: DPA | D15: SECO | E15: DPAPET | F15: ABAND. | G15: DPAPET | J15: BM | K15: 2124 | M15: BM | N15: 2183 | O15: =+K15-N15 -> -59
... B30: AA58 | C30: BM | D30: BM | E30: BM | F30: CA 19 | G30: BM | J30: Total general | K30: 5820 | M30: Total general | N30: 5820 | O30: =+K30-N30 -> 0
B31: AA60 | C31: DPA | D31: SECO | E31: DPAPET | F31: ABAND. | G31: DPAPET
B32: AA61 | C32: BM | D32: BM | E32: BM | F32: CA 19 | G32: BM
B33: AA62 | C33: APA | D33: A | E33: APA_CNPC | F33: ABAND. | G33: APA_CNPC
B34: AA63 | C34: ATA | D34: CT | E34: ATAPET | F34: ATA | G34: ATAPET
B35: AA64 | C35: PETS | D35: SUABTBG | E35: ACTPETS | F35: SWAB | G35: ACTPETS
B36: AA65 | C36: ATA | D36: CT | E36: ATAPET | F36: ATA | G36: ATAPET
B37: AA66 | C37: ATA | D37: CT | E37: ATAPET | F37: ATA | G37: ATAPET
B38: AA68 | C38: PETS | D38: SUABTBG | E38: ACTPETS | F38: SWAB | G38: ACTPETS
B39: AA70 | C39: BM | D39: BM | E39: BM | F39: CA 19 | G39: BM
B40: AA71 | C40: CM | D40: CM | E40: INACTBM | F40: CA 19 | G40: INACTBM
B41: AA72 | C41: BM | D41: BM | E41: BM | F41: CA 19 | G41: BM
B42: AA76 | C42: CM | D42: CM | E42: INACTPETF | F42: SWAB | G42: INACTPETF
... B5822: PTE-10 | C5822: ATA | D5822: CT | E5822: ATAPET | F5822: ATA | G5822: ATAPET
