Workbook

Sheet Mayo
B1: ESTADO DE POZOS - MAYO 2026 (OIG PERÚ) | J1: 46143 | M1: 46113
B2: *PFORMACION | C2: *ESTADO | D2: *TIPO_DE_POZO | E2: *ULT_EST | F2: *BATERIA | G2: *ULT_EST Abril | J2: Count of *PFORMACION | M2: Count of *PFORMACION
B3: AA3 | C3: DPA | D3: SECO | E3: DPAPET | F3: ABAND. | G3: =IFERROR(VLOOKUP(B3,Abril!$B$2:$G$5822,4,0),"") -> DPAPET | H3: =+E3=G3 -> TRUE | J3: *ULT_EST | K3: Total | M3: *ULT_EST | N3: Total
B4: AA11 | C4: BM | D4: BM | E4: BM | F4: CA 19 | G4: =IFERROR(VLOOKUP(B4,Abril!$B$2:$G$5822,4,0),"") -> BM | H4: =+E4=G4 -> TRUE | J4: ACTGAS | K4: 3 | M4: ACTGAS | N4: 2 | Q4: =+K4-N4 -> 1
B5: AA16 | C5: ATA | D5: CT | E5: ATAPET | F5: ATA | G5: =IFERROR(VLOOKUP(B5,Abril!$B$2:$G$5822,4,0),"") -> ATAPET | H5: =+E5=G5 -> TRUE | J5: ACTINYA | K5: 37 | M5: ACTINYA | N5: 37 | Q5: =+K5-N5 -> 0
B6: AA25 | C6: PETS | D6: SUABTBG | E6: ACTPETS | F6: SWAB | G6: =IFERROR(VLOOKUP(B6,Abril!$B$2:$G$5822,4,0),"") -> ACTPETS | H6: =+E6=G6 -> TRUE | J6: ACTPETF | K6: 260 | M6: ACTPETF | N6: 255 | Q6: =+K6-N6 -> 5
B7: AA26 | C7: DPA | D7: SECO | E7: DPAPET | F7: ABAND. | G7: =IFERROR(VLOOKUP(B7,Abril!$B$2:$G$5822,4,0),"") -> DPAPET | H7: =+E7=G7 -> TRUE | J7: ACTPETS | K7: 518 | M7: ACTPETS | N7: 514 | Q7: =+K7-N7 -> 4
B8: AA27 | C8: CM | D8: CM | E8: INACTPETS | F8: SWAB | G8: =IFERROR(VLOOKUP(B8,Abril!$B$2:$G$5822,4,0),"") -> INACTPETS | H8: =+E8=G8 -> TRUE | J8: APA_CNPC | K8: 187 | M8: APA_CNPC | N8: 187 | Q8: =+K8-N8 -> 0
B9: AA28 | C9: APA | D9: A | E9: APA_PC | F9: ABAND. | G9: =IFERROR(VLOOKUP(B9,Abril!$B$2:$G$5822,4,0),"") -> APA_PC | H9: =+E9=G9 -> TRUE | J9: APA_PB | K9: 14 | M9: APA_PB | N9: 14 | Q9: =+K9-N9 -> 0
B10: AA35 | C10: ATA | D10: CT | E10: ATAPET | F10: ATA | G10: =IFERROR(VLOOKUP(B10,Abril!$B$2:$G$5822,4,0),"") -> ATAPET | H10: =+E10=G10 -> TRUE | J10: APA_PC | K10: 1013 | M10: APA_PC | N10: 1013 | Q10: =+K10-N10 -> 0
B11: AA36 | C11: APA | D11: A | E11: APAPET | F11: ABAND. | G11: =IFERROR(VLOOKUP(B11,Abril!$B$2:$G$5822,4,0),"") -> APAPET | H11: =+E11=G11 -> TRUE | J11: APAPET | K11: 290 | M11: APAPET | N11: 290 | Q11: =+K11-N11 -> 0
B12: AA37 | C12: CM | D12: CM | E12: INACTPETF | F12: SWAB | G12: =IFERROR(VLOOKUP(B12,Abril!$B$2:$G$5822,4,0),"") -> INACTPETF | H12: =+E12=G12 -> TRUE | J12: ATAGAS | K12: 3 | M12: ATAGAS | N12: 3 | Q12: =+K12-N12 -> 0
B13: AA39 | C13: PETF | D13: SUABCSG | E13: ACTPETF | F13: SWAB | G13: =IFERROR(VLOOKUP(B13,Abril!$B$2:$G$5822,4,0),"") -> ACTPETF | H13: =+E13=G13 -> TRUE | J13: ATAINY | K13: 11 | M13: ATAINY | N13: 11 | Q13: =+K13-N13 -> 0
B14: AA40 | C14: ATA | D14: CT | E14: ATAPET | F14: ATA | G14: =IFERROR(VLOOKUP(B14,Abril!$B$2:$G$5822,4,0),"") -> ATAPET | H14: =+E14=G14 -> TRUE | J14: ATAPET | K14: 472 | M14: ATAPET | N14: 472 | Q14: =+K14-N14 -> 0
B15: AA41 | C15: DPA | D15: SECO | E15: DPAPET | F15: ABAND. | G15: =IFERROR(VLOOKUP(B15,Abril!$B$2:$G$5822,4,0),"") -> DPAPET | H15: =+E15=G15 -> TRUE | J15: BCP | K15: 9 | M15: BCP | N15: 9 | Q15: =+K15-N15 -> 0
... B31: AA60 | C31: DPA | D31: SECO | E31: DPAPET | F31: ABAND. | G31: =IFERROR(VLOOKUP(B31,Abril!$B$2:$G$5822,4,0),"") -> DPAPET | H31: =+E31=G31 -> TRUE | J31: Total general | K31: 5820 | M31: Total general | N31: 5820 | Q31: =+K31-N31 -> 0
B32: AA61 | C32: BM | D32: BM | E32: BM | F32: CA 19 | G32: =IFERROR(VLOOKUP(B32,Abril!$B$2:$G$5822,4,0),"") -> BM | H32: =+E32=G32 -> TRUE
B33: AA62 | C33: APA | D33: A | E33: APA_CNPC | F33: ABAND. | G33: =IFERROR(VLOOKUP(B33,Abril!$B$2:$G$5822,4,0),"") -> APA_CNPC | H33: =+E33=G33 -> TRUE
B34: AA63 | C34: ATA | D34: CT | E34: ATAPET | F34: ATA | G34: =IFERROR(VLOOKUP(B34,Abril!$B$2:$G$5822,4,0),"") -> ATAPET | H34: =+E34=G34 -> TRUE
B35: AA64 | C35: PETS | D35: SUABTBG | E35: ACTPETS | F35: SWAB | G35: =IFERROR(VLOOKUP(B35,Abril!$B$2:$G$5822,4,0),"") -> ACTPETS | H35: =+E35=G35 -> TRUE
B36: AA65 | C36: ATA | D36: CT | E36: ATAPET | F36: ATA | G36: =IFERROR(VLOOKUP(B36,Abril!$B$2:$G$5822,4,0),"") -> ATAPET | H36: =+E36=G36 -> TRUE
B37: AA66 | C37: ATA | D37: CT | E37: ATAPET | F37: ATA | G37: =IFERROR(VLOOKUP(B37,Abril!$B$2:$G$5822,4,0),"") -> ATAPET | H37: =+E37=G37 -> TRUE
B38: AA68 | C38: CM | D38: CM | E38: INACTPETS | F38: SWAB | G38: =IFERROR(VLOOKUP(B38,Abril!$B$2:$G$5822,4,0),"") -> INACTPETS | H38: =+E38=G38 -> TRUE
B39: AA70 | C39: BM | D39: BM | E39: BM | F39: CA 19 | G39: =IFERROR(VLOOKUP(B39,Abril!$B$2:$G$5822,4,0),"") -> BM | H39: =+E39=G39 -> TRUE
B40: AA71 | C40: BM | D40: BM | E40: BM | F40: CA 19 | G40: =IFERROR(VLOOKUP(B40,Abril!$B$2:$G$5822,4,0),"") -> BM | H40: =+E40=G40 -> TRUE
B41: AA72 | C41: BM | D41: BM | E41: BM | F41: CA 19 | G41: =IFERROR(VLOOKUP(B41,Abril!$B$2:$G$5822,4,0),"") -> BM | H41: =+E41=G41 -> TRUE
B42: AA76 | C42: CM | D42: CM | E42: INACTPETF | F42: SWAB | G42: =IFERROR(VLOOKUP(B42,Abril!$B$2:$G$5822,4,0),"") -> INACTPETF | H42: =+E42=G42 -> TRUE
B43: AA78 | C43: DPA | D43: SECO | E43: DPAPET | F43: ABAND. | G43: =IFERROR(VLOOKUP(B43,Abril!$B$2:$G$5822,4,0),"") -> DPAPET | H43: =+E43=G43 -> TRUE
... B5822: PTE-10 | C5822: ATA | D5822: CT | E5822: ATAPET | F5822: ATA | G5822: =IFERROR(VLOOKUP(B5822,Abril!$B$2:$G$5822,4,0),"") -> ATAPET | H5822: =+E5822=G5822 -> TRUE

Sheet Abril
B1: ESTADO DE POZOS - ABRIL 2026 (OIG PERÚ) | J1: 46113 | M1: 46082
B2: *PFORMACION | C2: *ESTADO | D2: *TIPO_DE_POZO | E2: *ULT_EST | F2: *BATERIA | G2: *ULT_EST Marzo | J2: Count of *PFORMACION | M2: Count of *PFORMACION
B3: AA3 | C3: DPA | D3: SECO | E3: DPAPET | F3: ABAND. | G3: DPAPET | H3: =+E3=G3 -> TRUE | J3: *ULT_EST | K3: Total | M3: *ULT_EST | N3: Total
B4: AA11 | C4: BM | D4: BM | E4: BM | F4: CA 19 | G4: BM | H4: =+E4=G4 -> TRUE | J4: ACTGAS | K4: 2 | M4: ACTGAS | N4: 2 | Q4: =+K4-N4 -> 0
B5: AA16 | C5: ATA | D5: CT | E5: ATAPET | F5: ATA | G5: ATAPET | H5: =+E5=G5 -> TRUE | J5: ACTINYA | K5: 37 | M5: ACTINYA | N5: 38 | Q5: =+K5-N5 -> -1
B6: AA25 | C6: PETS | D6: SUABTBG | E6: ACTPETS | F6: SWAB | G6: ACTPETS | H6: =+E6=G6 -> TRUE | J6: ACTPETF | K6: 255 | M6: ACTPETF | N6: 243 | Q6: =+K6-N6 -> 12
B7: AA26 | C7: DPA | D7: SECO | E7: DPAPET | F7: ABAND. | G7: DPAPET | H7: =+E7=G7 -> TRUE | J7: ACTPETS | K7: 514 | M7: ACTPETS | N7: 490 | Q7: =+K7-N7 -> 24
B8: AA27 | C8: CM | D8: CM | E8: INACTPETS | F8: SWAB | G8: ACTPETS | H8: =+E8=G8 -> FALSE | J8: APA_CNPC | K8: 187 | M8: APA_CNPC | N8: 187 | Q8: =+K8-N8 -> 0
B9: AA28 | C9: APA | D9: A | E9: APA_PC | F9: ABAND. | G9: APA_PC | H9: =+E9=G9 -> TRUE | J9: APA_PB | K9: 14 | M9: APA_PB | N9: 14 | Q9: =+K9-N9 -> 0
B10: AA35 | C10: ATA | D10: CT | E10: ATAPET | F10: ATA | G10: ATAPET | H10: =+E10=G10 -> TRUE | J10: APA_PC | K10: 1013 | M10: APA_PC | N10: 1013 | Q10: =+K10-N10 -> 0
B11: AA36 | C11: APA | D11: A | E11: APAPET | F11: ABAND. | G11: APAPET | H11: =+E11=G11 -> TRUE | J11: APAPET | K11: 290 | M11: APAPET | N11: 290 | Q11: =+K11-N11 -> 0
B12: AA37 | C12: CM | D12: CM | E12: INACTPETF | F12: SWAB | G12: INACTPETF | H12: =+E12=G12 -> TRUE | J12: ATAGAS | K12: 3 | M12: ATAGAS | N12: 3 | Q12: =+K12-N12 -> 0
B13: AA39 | C13: PETF | D13: SUABCSG | E13: ACTPETF | F13: SWAB | G13: ACTPETF | H13: =+E13=G13 -> TRUE | J13: ATAINY | K13: 11 | M13: ATAINY | N13: 11 | Q13: =+K13-N13 -> 0
B14: AA40 | C14: ATA | D14: CT | E14: ATAPET | F14: ATA | G14: ATAPET | H14: =+E14=G14 -> TRUE | J14: ATAPET | K14: 472 | M14: ATAPET | N14: 472 | Q14: =+K14-N14 -> 0
B15: AA41 | C15: DPA | D15: SECO | E15: DPAPET | F15: ABAND. | G15: DPAPET | H15: =+E15=G15 -> TRUE | J15: BCP | K15: 9 | M15: BCP | N15: 9 | Q15: =+K15-N15 -> 0
... B31: AA60 | C31: DPA | D31: SECO | E31: DPAPET | F31: ABAND. | G31: DPAPET | H31: =+E31=G31 -> TRUE | J31: Total general | K31: 5820 | M31: Total general | N31: 5820 | Q31: =+K31-N31 -> 0
B32: AA61 | C32: BM | D32: BM | E32: BM | F32: CA 19 | G32: INACTBM | H32: =+E32=G32 -> FALSE
B33: AA62 | C33: APA | D33: A | E33: APA_CNPC | F33: ABAND. | G33: APA_CNPC | H33: =+E33=G33 -> TRUE
B34: AA63 | C34: ATA | D34: CT | E34: ATAPET | F34: ATA | G34: ATAPET | H34: =+E34=G34 -> TRUE
B35: AA64 | C35: PETS | D35: SUABTBG | E35: ACTPETS | F35: SWAB | G35: ACTPETS | H35: =+E35=G35 -> TRUE
B36: AA65 | C36: ATA | D36: CT | E36: ATAPET | F36: ATA | G36: ATAPET | H36: =+E36=G36 -> TRUE
B37: AA66 | C37: ATA | D37: CT | E37: ATAPET | F37: ATA | G37: ATAPET | H37: =+E37=G37 -> TRUE
B38: AA68 | C38: CM | D38: CM | E38: INACTPETS | F38: SWAB | G38: INACTPETS | H38: =+E38=G38 -> TRUE
B39: AA70 | C39: BM | D39: BM | E39: BM | F39: CA 19 | G39: BM | H39: =+E39=G39 -> TRUE
B40: AA71 | C40: BM | D40: BM | E40: BM | F40: CA 19 | G40: BM | H40: =+E40=G40 -> TRUE
B41: AA72 | C41: BM | D41: BM | E41: BM | F41: CA 19 | G41: BM | H41: =+E41=G41 -> TRUE
B42: AA76 | C42: CM | D42: CM | E42: INACTPETF | F42: SWAB | G42: INACTPETF | H42: =+E42=G42 -> TRUE
B43: AA78 | C43: DPA | D43: SECO | E43: DPAPET | F43: ABAND. | G43: DPAPET | H43: =+E43=G43 -> TRUE
... B5822: PTE-10 | C5822: ATA | D5822: CT | E5822: ATAPET | F5822: ATA | G5822: ATAPET | H5822: =+E5822=G5822 -> TRUE

Sheet Hoja3
A3: Cuenta de *PFORMACION | B3: Etiquetas de columna
A4: Etiquetas de fila | B4: BCP | C4: BM | D4: BO | E4: GL | F4: INACTBCP | G4: INACTBM | H4: INACTBO | I4: INACTGL | J4: INACTPL | K4: PL | L4: Total general | S4: Bateria | T4: TOTAL | U4: ACTIVOS | X4: Bateria
A5: BA 34 | C5: 131 | G5: 19 | L5: 150 | R5: =+S5=A5 -> TRUE | S5: BA 34 | T5: =+L5 -> 150 | U5: =+SUM(B5:E5)+K5 -> 131 | X5: BA 34
A6: BA 35 | C6: 132 | G6: 8 | L6: 140 | R6: =+S6=A6 -> TRUE | S6: BA 35 | T6: =+L6 -> 140 | U6: =+SUM(B6:E6)+K6 -> 132 | X6: BA 35
A7: CA 16 | C7: 64 | G7: 6 | L7: 70 | R7: =+S7=A7 -> TRUE | S7: CA 16 | T7: =+L7 -> 70 | U7: =+SUM(B7:E7)+K7 -> 64 | X7: CA 16
A8: CA 17 | C8: 67 | D8: 1 | G8: 10 | L8: 78 | R8: =+S8=A8 -> TRUE | S8: CA 17 | T8: =+L8 -> 78 | U8: =+SUM(B8:E8)+K8 -> 68 | X8: CA 17
A9: CA 19 | C9: 79 | G9: 1 | L9: 80 | R9: =+S9=A9 -> TRUE | S9: CA 19 | T9: =+L9 -> 80 | U9: =+SUM(B9:E9)+K9 -> 79 | X9: CA 19
A10: CA 20 | C10: 45 | G10: 4 | L10: 49 | R10: =+S10=A10 -> TRUE | S10: CA 20 | T10: =+L10 -> 49 | U10: =+SUM(B10:E10)+K10 -> 45 | X10: CA 20
A11: CA 21 | C11: 52 | G11: 4 | J11: 1 | L11: 57 | R11: =+S11=A11 -> TRUE | S11: CA 21 | T11: =+L11 -> 57 | U11: =+SUM(B11:E11)+K11 -> 52 | X11: CA 21
A12: CA 22 | B12: 7 | C12: 69 | D12: 1 | F12: 3 | G12: 17 | L12: 97 | R12: =+S12=A12 -> TRUE | S12: CA 22 | T12: =+L12 -> 97 | U12: =+SUM(B12:E12)+K12 -> 77 | X12: CA 22
A13: CA 23 | B13: 1 | C13: 47 | G13: 24 | L13: 72 | R13: =+S13=A13 -> TRUE | S13: CA 23 | T13: =+L13 -> 72 | U13: =+SUM(B13:E13)+K13 -> 48 | X13: CA 23
A14: CE 10 | C14: 145 | D14: 4 | F14: 1 | G14: 12 | H14: 2 | K14: 1 | L14: 165 | R14: =+S14=A14 -> TRUE | S14: CE 10 | T14: =+L14 -> 165 | U14: =+SUM(B14:E14)+K14 -> 150 | X14: CE 10
A15: LA 06 | C15: 47 | D15: 1 | F15: 1 | G15: 5 | L15: 54 | R15: =+S15=A15 -> TRUE | S15: LA 06 | T15: =+L15 -> 54 | U15: =+SUM(B15:E15)+K15 -> 48 | X15: LA 06
A16: LA 07 | C16: 32 | G16: 3 | L16: 35 | R16: =+S16=A16 -> TRUE | S16: LA 07 | T16: =+L16 -> 35 | U16: =+SUM(B16:E16)+K16 -> 32 | X16: LA 07
A17: LA 08 | C17: 45 | G17: 4 | H17: 1 | I17: 1 | L17: 51 | R17: =+S17=A17 -> TRUE | S17: LA 08 | T17: =+L17 -> 51 | U17: =+SUM(B17:E17)+K17 -> 45 | X17: LA 08
A18: LA 09 | C18: 24 | G18: 6 | L18: 30 | R18: =+S18=A18 -> TRUE | S18: LA 09 | T18: =+L18 -> 30 | U18: =+SUM(B18:E18)+K18 -> 24 | X18: LA 09
A19: OR 11 | C19: 94 | G19: 25 | L19: 119 | R19: =+S19=A19 -> TRUE | S19: OR 11 | T19: =+L19 -> 119 | U19: =+SUM(B19:E19)+K19 -> 94 | X19: OR 11
A20: OR 12 | C20: 56 | D20: 1 | G20: 9 | L20: 66 | R20: =+S20=A20 -> TRUE | S20: OR 12 | T20: =+L20 -> 66 | U20: =+SUM(B20:E20)+K20 -> 57 | X20: OR 12
A21: PN 30 | C21: 43 | E21: 1 | G21: 7 | I21: 1 | J21: 11 | K21: 38 | L21: 101 | R21: =+S21=A21 -> TRUE | S21: PN 30 | T21: =+L21 -> 101 | U21: =+SUM(B21:E21)+K21 -> 82 | X21: PN 30
A22: PN 31 | C22: 91 | D22: 1 | G22: 9 | J22: 2 | K22: 13 | L22: 116 | R22: =+S22=A22 -> TRUE | S22: PN 31 | T22: =+L22 -> 116 | U22: =+SUM(B22:E22)+K22 -> 105 | X22: PN 31
A23: PN 32 | C23: 87 | G23: 5 | L23: 92 | R23: =+S23=A23 -> TRUE | S23: PN 32 | T23: =+L23 -> 92 | U23: =+SUM(B23:E23)+K23 -> 87 | X23: PN 32
A24: PN 33 | C24: 62 | G24: 15 | L24: 77 | R24: =+S24=A24 -> TRUE | S24: PN 33 | T24: =+L24 -> 77 | U24: =+SUM(B24:E24)+K24 -> 62 | X24: PN 33
A25: TA 24 | C25: 126 | D25: 2 | G25: 12 | K25: 1 | L25: 141 | R25: =+S25=A25 -> TRUE | S25: TA 24 | T25: =+L25 -> 141 | U25: =+SUM(B25:E25)+K25 -> 129 | X25: TA 24
A26: TA 25 | B26: 1 | C26: 162 | G26: 6 | L26: 169 | R26: =+S26=A26 -> TRUE | S26: TA 25 | T26: =+L26 -> 169 | U26: =+SUM(B26:E26)+K26 -> 163 | X26: TA 25
A27: TA 27 | C27: 89 | G27: 4 | J27: 2 | K27: 2 | L27: 97 | R27: =+S27=A27 -> TRUE | S27: TA 27 | T27: =+L27 -> 97 | U27: =+SUM(B27:E27)+K27 -> 91 | X27: TA 27
A28: TA 28 | C28: 70 | D28: 2 | G28: 5 | L28: 77 | R28: =+S28=A28 -> TRUE | S28: TA 28 | T28: =+L28 -> 77 | U28: =+SUM(B28:E28)+K28 -> 72 | X28: TA 28
A29: TA 29 | C29: 36 | G29: 2 | L29: 38 | R29: =+S29=A29 -> TRUE | S29: TA 29 | T29: =+L29 -> 38 | U29: =+SUM(B29:E29)+K29 -> 36 | X29: TA 29
A30: ZA 01 | C30: 134 | D30: 3 | G30: 9 | J30: 1 | K30: 2 | L30: 149 | R30: =+S30=A30 -> TRUE | S30: ZA 01 | T30: =+L30 -> 149 | U30: =+SUM(B30:E30)+K30 -> 139 | X30: ZA 01
A31: ZA 02 | C31: 102 | D31: 1 | G31: 9 | L31: 112 | R31: =+S31=A31 -> TRUE | S31: ZA 02 | T31: =+L31 -> 112 | U31: =+SUM(B31:E31)+K31 -> 103 | X31: ZA 02
A32: ZA 03 | C32: 31 | G32: 2 | L32: 33 | R32: =+S32=A32 -> TRUE | S32: ZA 03 | T32: =+L32 -> 33 | U32: =+SUM(B32:E32)+K32 -> 31 | X32: ZA 03
A33: ZA 04 | C33: 58 | G33: 1 | L33: 59 | R33: =+S33=A33 -> TRUE | S33: ZA 04 | T33: =+L33 -> 59 | U33: =+SUM(B33:E33)+K33 -> 58 | X33: ZA 04
A34: Total general | B34: 9 | C34: 2220 | D34: 17 | E34: 1 | F34: 5 | G34: 243 | H34: 3 | I34: 2 | J34: 17 | K34: 57 | L34: 2574 | R34: =+S34=A34 -> FALSE | S34: TOTAL | T34: =+SUM(T5:T33) -> 2574 | U34: =+SUM(U5:U33) -> 2304
