Workbook

Sheet Febrero
B1: ESTADO DE POZOS - ENERO 2025 (OIG PERÚ) | J1: 45658 | M1: 45658
B2: *PFORMACION | C2: *ESTADO | D2: *TIPO_DE_POZO | E2: *ULT_EST | F2: *BATERIA | G2: *ULT_EST Enero | J2: Count of *PFORMACION | M2: Count of *PFORMACION
B3: AA3 | C3: DPA | D3: SECO | E3: DPAPET | F3: ABAND. | G3: =IFERROR(VLOOKUP(B3,Enero!$B$2:$G$5822,4,0),"") -> DPAPET | J3: *ULT_EST | K3: Total | M3: *ULT_EST | N3: Total
B4: AA11 | C4: BM | D4: BM | E4: BM | F4: CA 19 | G4: =IFERROR(VLOOKUP(B4,Enero!$B$2:$G$5822,4,0),"") -> BM | J4: ACTGAS | K4: 3 | M4: ACTGAS | N4: 3 | O4: =+K4-N4 -> 0
B5: AA16 | C5: ATA | D5: CT | E5: ATAPET | F5: ATA | G5: =IFERROR(VLOOKUP(B5,Enero!$B$2:$G$5822,4,0),"") -> ATAPET | J5: ACTINYA | K5: 44 | M5: ACTINYA | N5: 42 | O5: =+K5-N5 -> 2
B6: AA25 | C6: PETS | D6: SUABTBG | E6: ACTPETS | F6: SWAB | G6: =IFERROR(VLOOKUP(B6,Enero!$B$2:$G$5822,4,0),"") -> ACTPETS | J6: ACTPETF | K6: 214 | M6: ACTPETF | N6: 216 | O6: =+K6-N6 -> -2
B7: AA26 | C7: DPA | D7: SECO | E7: DPAPET | F7: ABAND. | G7: =IFERROR(VLOOKUP(B7,Enero!$B$2:$G$5822,4,0),"") -> DPAPET | J7: ACTPETS | K7: 471 | M7: ACTPETS | N7: 476 | O7: =+K7-N7 -> -5
B8: AA27 | C8: PETF | D8: SUABCSG | E8: ACTPETF | F8: SWAB | G8: =IFERROR(VLOOKUP(B8,Enero!$B$2:$G$5822,4,0),"") -> ACTPETF | J8: APA_CNPC | K8: 187 | M8: APA_CNPC | N8: 187 | O8: =+K8-N8 -> 0
B9: AA28 | C9: APA | D9: A | E9: APA_PC | F9: ABAND. | G9: =IFERROR(VLOOKUP(B9,Enero!$B$2:$G$5822,4,0),"") -> APA_PC | J9: APA_PB | K9: 14 | M9: APA_PB | N9: 14 | O9: =+K9-N9 -> 0
B10: AA35 | C10: ATA | D10: CT | E10: ATAPET | F10: ATA | G10: =IFERROR(VLOOKUP(B10,Enero!$B$2:$G$5822,4,0),"") -> ATAPET | J10: APA_PC | K10: 1013 | M10: APA_PC | N10: 1013 | O10: =+K10-N10 -> 0
B11: AA36 | C11: APA | D11: A | E11: APAPET | F11: ABAND. | G11: =IFERROR(VLOOKUP(B11,Enero!$B$2:$G$5822,4,0),"") -> APAPET | J11: APAPET | K11: 290 | M11: APAPET | N11: 290 | O11: =+K11-N11 -> 0
B12: AA37 | C12: CM | D12: CM | E12: INACTPETF | F12: SWAB | G12: =IFERROR(VLOOKUP(B12,Enero!$B$2:$G$5822,4,0),"") -> INACTPETF | J12: ATAGAS | K12: 3 | M12: ATAGAS | N12: 3 | O12: =+K12-N12 -> 0
B13: AA39 | C13: PETF | D13: SUABCSG | E13: ACTPETF | F13: SWAB | G13: =IFERROR(VLOOKUP(B13,Enero!$B$2:$G$5822,4,0),"") -> ACTPETF | J13: ATAINY | K13: 11 | M13: ATAINY | N13: 11 | O13: =+K13-N13 -> 0
B14: AA40 | C14: ATA | D14: CT | E14: ATAPET | F14: ATA | G14: =IFERROR(VLOOKUP(B14,Enero!$B$2:$G$5822,4,0),"") -> ATAPET | J14: ATAPET | K14: 475 | M14: ATAPET | N14: 475 | O14: =+K14-N14 -> 0
B15: AA41 | C15: DPA | D15: SECO | E15: DPAPET | F15: ABAND. | G15: =IFERROR(VLOOKUP(B15,Enero!$B$2:$G$5822,4,0),"") -> DPAPET | J15: BCP | K15: 7 | M15: BCP | N15: 8 | O15: =+K15-N15 -> -1
... B31: AA60 | C31: DPA | D31: SECO | E31: DPAPET | F31: ABAND. | G31: =IFERROR(VLOOKUP(B31,Enero!$B$2:$G$5822,4,0),"") -> DPAPET | J31: Total general | K31: 5820 | M31: Total general | N31: 5820 | O31: =+K31-N31 -> 0
B32: AA61 | C32: CM | D32: CM | E32: INACTBM | F32: CA 19 | G32: =IFERROR(VLOOKUP(B32,Enero!$B$2:$G$5822,4,0),"") -> BM
B33: AA62 | C33: APA | D33: A | E33: APA_CNPC | F33: ABAND. | G33: =IFERROR(VLOOKUP(B33,Enero!$B$2:$G$5822,4,0),"") -> APA_CNPC
B34: AA63 | C34: ATA | D34: CT | E34: ATAPET | F34: ATA | G34: =IFERROR(VLOOKUP(B34,Enero!$B$2:$G$5822,4,0),"") -> ATAPET
B35: AA64 | C35: PETS | D35: SUABTBG | E35: ACTPETS | F35: SWAB | G35: =IFERROR(VLOOKUP(B35,Enero!$B$2:$G$5822,4,0),"") -> ACTPETS
B36: AA65 | C36: ATA | D36: CT | E36: ATAPET | F36: ATA | G36: =IFERROR(VLOOKUP(B36,Enero!$B$2:$G$5822,4,0),"") -> ATAPET
B37: AA66 | C37: ATA | D37: CT | E37: ATAPET | F37: ATA | G37: =IFERROR(VLOOKUP(B37,Enero!$B$2:$G$5822,4,0),"") -> ATAPET
B38: AA68 | C38: PETS | D38: SUABTBG | E38: ACTPETS | F38: SWAB | G38: =IFERROR(VLOOKUP(B38,Enero!$B$2:$G$5822,4,0),"") -> ACTPETS
B39: AA70 | C39: BM | D39: BM | E39: BM | F39: CA 19 | G39: =IFERROR(VLOOKUP(B39,Enero!$B$2:$G$5822,4,0),"") -> BM
B40: AA71 | C40: CM | D40: CM | E40: INACTBM | F40: CA 19 | G40: =IFERROR(VLOOKUP(B40,Enero!$B$2:$G$5822,4,0),"") -> INACTBM
B41: AA72 | C41: BM | D41: BM | E41: BM | F41: CA 19 | G41: =IFERROR(VLOOKUP(B41,Enero!$B$2:$G$5822,4,0),"") -> BM
B42: AA76 | C42: CM | D42: CM | E42: INACTPETF | F42: SWAB | G42: =IFERROR(VLOOKUP(B42,Enero!$B$2:$G$5822,4,0),"") -> INACTPETF
B43: AA78 | C43: DPA | D43: SECO | E43: DPAPET | F43: ABAND. | G43: =IFERROR(VLOOKUP(B43,Enero!$B$2:$G$5822,4,0),"") -> DPAPET
... B5822: PTE-10 | C5822: ATA | D5822: CT | E5822: ATAPET | F5822: ATA | G5822: =IFERROR(VLOOKUP(B5822,Enero!$B$2:$G$5822,4,0),"") -> ATAPET

Sheet Enero
B1: ESTADO DE POZOS - ENERO 2025 (OIG PERÚ) | J1: 45658 | M1: 45627
B2: *PFORMACION | C2: *ESTADO | D2: *TIPO_DE_POZO | E2: *ULT_EST | F2: *BATERIA | G2: *ULT_EST Diciembre | J2: Count of *PFORMACION | M2: Count of *PFORMACION
B3: AA3 | C3: DPA | D3: SECO | E3: DPAPET | F3: ABAND. | G3: DPAPET | J3: *ULT_EST | K3: Total | M3: *ULT_EST | N3: Total
B4: AA11 | C4: BM | D4: BM | E4: BM | F4: CA 19 | G4: BM | J4: ACTGAS | K4: 3 | M4: ACTGAS | N4: 3 | O4: =+K4-N4 -> 0
B5: AA16 | C5: ATA | D5: CT | E5: ATAPET | F5: ATA | G5: ATAPET | J5: ACTINYA | K5: 42 | M5: ACTINYA | N5: 40 | O5: =+K5-N5 -> 2
B6: AA25 | C6: PETS | D6: SUABTBG | E6: ACTPETS | F6: SWAB | G6: ACTPETS | J6: ACTPETF | K6: 216 | M6: ACTPETF | N6: 206 | O6: =+K6-N6 -> 10
B7: AA26 | C7: DPA | D7: SECO | E7: DPAPET | F7: ABAND. | G7: DPAPET | J7: ACTPETS | K7: 476 | M7: ACTPETS | N7: 471 | O7: =+K7-N7 -> 5
B8: AA27 | C8: PETF | D8: SUABCSG | E8: ACTPETF | F8: SWAB | G8: ACTPETF | J8: APA_CNPC | K8: 187 | M8: APA_CNPC | N8: 187 | O8: =+K8-N8 -> 0
B9: AA28 | C9: APA | D9: A | E9: APA_PC | F9: ABAND. | G9: APA_PC | J9: APA_PB | K9: 14 | M9: APA_PB | N9: 14 | O9: =+K9-N9 -> 0
B10: AA35 | C10: ATA | D10: CT | E10: ATAPET | F10: ATA | G10: ATAPET | J10: APA_PC | K10: 1013 | M10: APA_PC | N10: 1013 | O10: =+K10-N10 -> 0
B11: AA36 | C11: APA | D11: A | E11: APAPET | F11: ABAND. | G11: APAPET | J11: APAPET | K11: 290 | M11: APAPET | N11: 290 | O11: =+K11-N11 -> 0
B12: AA37 | C12: CM | D12: CM | E12: INACTPETF | F12: SWAB | G12: INACTPETF | J12: ATAGAS | K12: 3 | M12: ATAGAS | N12: 3 | O12: =+K12-N12 -> 0
B13: AA39 | C13: PETF | D13: SUABCSG | E13: ACTPETF | F13: SWAB | G13: ACTPETF | J13: ATAINY | K13: 11 | M13: ATAINY | N13: 11 | O13: =+K13-N13 -> 0
B14: AA40 | C14: ATA | D14: CT | E14: ATAPET | F14: ATA | G14: ATAPET | J14: ATAPET | K14: 475 | M14: ATAPET | N14: 475 | O14: =+K14-N14 -> 0
B15: AA41 | C15: DPA | D15: SECO | E15: DPAPET | F15: ABAND. | G15: DPAPET | J15: BCP | K15: 8 | M15: BCP | N15: 10 | O15: =+K15-N15 -> -2
... B31: AA60 | C31: DPA | D31: SECO | E31: DPAPET | F31: ABAND. | G31: DPAPET | J31: Total general | K31: 5820 | M31: Total general | N31: 5820 | O31: =+K31-N31 -> 0
B32: AA61 | C32: BM | D32: BM | E32: BM | F32: CA 19 | G32: BM
B33: AA62 | C33: APA | D33: A | E33: APA_CNPC | F33: ABAND. | G33: APA_CNPC
B34: AA63 | C34: ATA | D34: CT | E34: ATAPET | F34: ATA | G34: ATAPET
B35: AA64 | C35: PETS | D35: SUABTBG | E35: ACTPETS | F35: SWAB | G35: ACTPETS
B36: AA65 | C36: ATA | D36: CT | E36: ATAPET | F36: ATA | G36: ATAPET
B37: AA66 | C37: ATA | D37: CT | E37: ATAPET | F37: ATA | G37: ATAPET
B38: AA68 | C38: PETS | D38: SUABTBG | E38: ACTPETS | F38: SWAB | G38: ACTPETS
B39: AA70 | C39: BM | D39: BM | E39: BM | F39: CA 19 | G39: BM
B40: AA71 | C40: CM | D40: CM | E40: INACTBM | F40: CA 19 | G40: INACTBM
B41: AA72 | C41: BM | D41: BM | E41: BM | F41: CA 19 | G41: BM
B42: AA76 | C42: CM | D42: CM | E42: INACTPETF | F42: SWAB | G42: INACTPETF
B43: AA78 | C43: DPA | D43: SECO | E43: DPAPET | F43: ABAND. | G43: DPAPET
... B5822: PTE-10 | C5822: ATA | D5822: CT | E5822: ATAPET | F5822: ATA | G5822: ATAPET

Sheet Hoja1
A3: Cuenta de *PFORMACION | B3: Etiquetas de columna
A4: Etiquetas de fila | B4: BCP | C4: BM | D4: BO | E4: GL | F4: PL | G4: INACTBCP | H4: INACTBM | I4: INACTBO | J4: INACTGL | K4: INACTPL | L4: Total general | N4: Bateria
A5: BA 34 | C5: 110 | H5: 44 | L5: 154 | N5: BA 34 | O5: =+N5=A5 -> TRUE | P5: =+L5 -> 154 | Q5: =+SUM(B5:F5) -> 110
A6: BA 35 | C6: 120 | H6: 23 | L6: 143 | N6: BA 35 | O6: =+N6=A6 -> TRUE | P6: =+L6 -> 143 | Q6: =+SUM(B6:F6) -> 120
A7: CA 16 | C7: 60 | H7: 14 | L7: 74 | N7: CA 16 | O7: =+N7=A7 -> TRUE | P7: =+L7 -> 74 | Q7: =+SUM(B7:F7) -> 60
A8: CA 17 | C8: 54 | H8: 24 | I8: 1 | L8: 79 | N8: CA 17 | O8: =+N8=A8 -> TRUE | P8: =+L8 -> 79 | Q8: =+SUM(B8:F8) -> 54
A9: CA 19 | C9: 78 | H9: 5 | L9: 83 | N9: CA 19 | O9: =+N9=A9 -> TRUE | P9: =+L9 -> 83 | Q9: =+SUM(B9:F9) -> 78
A10: CA 20 | C10: 43 | H10: 6 | L10: 49 | N10: CA 20 | O10: =+N10=A10 -> TRUE | P10: =+L10 -> 49 | Q10: =+SUM(B10:F10) -> 43
A11: CA 21 | C11: 52 | H11: 5 | K11: 1 | L11: 58 | N11: CA 21 | O11: =+N11=A11 -> TRUE | P11: =+L11 -> 58 | Q11: =+SUM(B11:F11) -> 52
A12: CA 22 | B12: 5 | C12: 66 | G12: 5 | H12: 20 | I12: 1 | L12: 97 | N12: CA 22 | O12: =+N12=A12 -> TRUE | P12: =+L12 -> 97 | Q12: =+SUM(B12:F12) -> 71
A13: CA 23 | B13: 1 | C13: 43 | H13: 31 | L13: 75 | N13: CA 23 | O13: =+N13=A13 -> TRUE | P13: =+L13 -> 75 | Q13: =+SUM(B13:F13) -> 44
A14: CE 10 | C14: 136 | D14: 5 | F14: 1 | G14: 1 | H14: 21 | I14: 2 | L14: 166 | N14: CE 10 | O14: =+N14=A14 -> TRUE | P14: =+L14 -> 166 | Q14: =+SUM(B14:F14) -> 142
A15: LA 06 | B15: 1 | C15: 45 | D15: 1 | H15: 9 | L15: 56 | N15: LA 06 | O15: =+N15=A15 -> TRUE | P15: =+L15 -> 56 | Q15: =+SUM(B15:F15) -> 47
A16: LA 07 | C16: 30 | H16: 5 | L16: 35 | N16: LA 07 | O16: =+N16=A16 -> TRUE | P16: =+L16 -> 35 | Q16: =+SUM(B16:F16) -> 30
A17: LA 08 | C17: 43 | D17: 1 | H17: 6 | J17: 1 | L17: 51 | N17: LA 08 | O17: =+N17=A17 -> TRUE | P17: =+L17 -> 51 | Q17: =+SUM(B17:F17) -> 44
A18: LA 09 | C18: 21 | H18: 9 | L18: 30 | N18: LA 09 | O18: =+N18=A18 -> TRUE | P18: =+L18 -> 30 | Q18: =+SUM(B18:F18) -> 21
A19: OR 11 | C19: 92 | H19: 28 | L19: 120 | N19: OR 11 | O19: =+N19=A19 -> TRUE | P19: =+L19 -> 120 | Q19: =+SUM(B19:F19) -> 92
A20: OR 12 | C20: 53 | H20: 12 | I20: 1 | L20: 66 | N20: OR 12 | O20: =+N20=A20 -> TRUE | P20: =+L20 -> 66 | Q20: =+SUM(B20:F20) -> 53
A21: PN 30 | C21: 37 | E21: 1 | F21: 37 | H21: 15 | J21: 1 | K21: 12 | L21: 103 | N21: PN 30 | O21: =+N21=A21 -> TRUE | P21: =+L21 -> 103 | Q21: =+SUM(B21:F21) -> 75
A22: PN 31 | C22: 80 | D22: 1 | F22: 12 | H22: 22 | K22: 3 | L22: 118 | N22: PN 31 | O22: =+N22=A22 -> TRUE | P22: =+L22 -> 118 | Q22: =+SUM(B22:F22) -> 93
A23: PN 32 | C23: 78 | H23: 14 | L23: 92 | N23: PN 32 | O23: =+N23=A23 -> TRUE | P23: =+L23 -> 92 | Q23: =+SUM(B23:F23) -> 78
A24: PN 33 | C24: 57 | H24: 21 | L24: 78 | N24: PN 33 | O24: =+N24=A24 -> TRUE | P24: =+L24 -> 78 | Q24: =+SUM(B24:F24) -> 57
A25: TA 24 | C25: 103 | D25: 2 | H25: 36 | K25: 1 | L25: 142 | N25: TA 24 | O25: =+N25=A25 -> TRUE | P25: =+L25 -> 142 | Q25: =+SUM(B25:F25) -> 105
A26: TA 25 | C26: 138 | G26: 1 | H26: 31 | L26: 170 | N26: TA 25 | O26: =+N26=A26 -> TRUE | P26: =+L26 -> 170 | Q26: =+SUM(B26:F26) -> 138
A27: TA 27 | C27: 82 | F27: 1 | H27: 13 | K27: 4 | L27: 100 | N27: TA 27 | O27: =+N27=A27 -> TRUE | P27: =+L27 -> 100 | Q27: =+SUM(B27:F27) -> 83
A28: TA 28 | C28: 57 | D28: 2 | H28: 19 | L28: 78 | N28: TA 28 | O28: =+N28=A28 -> TRUE | P28: =+L28 -> 78 | Q28: =+SUM(B28:F28) -> 59
A29: TA 29 | C29: 33 | H29: 5 | L29: 38 | N29: TA 29 | O29: =+N29=A29 -> TRUE | P29: =+L29 -> 38 | Q29: =+SUM(B29:F29) -> 33
A30: ZA 01 | C30: 124 | D30: 3 | F30: 3 | H30: 21 | L30: 151 | N30: ZA 01 | O30: =+N30=A30 -> TRUE | P30: =+L30 -> 151 | Q30: =+SUM(B30:F30) -> 130
A31: ZA 02 | C31: 99 | D31: 1 | H31: 13 | L31: 113 | N31: ZA 02 | O31: =+N31=A31 -> TRUE | P31: =+L31 -> 113 | Q31: =+SUM(B31:F31) -> 100
A32: ZA 03 | C32: 29 | H32: 4 | L32: 33 | N32: ZA 03 | O32: =+N32=A32 -> TRUE | P32: =+L32 -> 33 | Q32: =+SUM(B32:F32) -> 29
A33: ZA 04 | C33: 54 | H33: 5 | L33: 59 | N33: ZA 04 | O33: =+N33=A33 -> TRUE | P33: =+L33 -> 59 | Q33: =+SUM(B33:F33) -> 54
A34: Total general | B34: 7 | C34: 2017 | D34: 16 | E34: 1 | F34: 54 | G34: 7 | H34: 481 | I34: 5 | J34: 2 | K34: 21 | L34: 2611

Sheet Hoja2
A1: FProceso | B1: Darea | C1: Dzona | D1: Bateria | E1: Alerta4 | G1: Bateria
A2: 45716 | B2: Norte | C2: Norte 1 | D2: BA 34 | E2: 1 | G2: BA 34 | H2: =+G2=D2 -> TRUE
A3: 45716 | B3: Norte | C3: Norte 1 | D3: BA 35 | E3: 0 | G3: BA 35 | H3: =+G3=D3 -> TRUE
A4: 45716 | B4: Sur | C4: Sur 1 | D4: CA 16 | E4: 0 | G4: CA 16 | H4: =+G4=D4 -> TRUE
A5: 45716 | B5: Sur | C5: Sur 1 | D5: CA 17 | E5: 0 | G5: CA 17 | H5: =+G5=D5 -> TRUE
A6: 45716 | B6: Sur | C6: Sur 2 | D6: CA 19 | E6: 0 | G6: CA 19 | H6: =+G6=D6 -> TRUE
A7: 45716 | B7: Sur | C7: Sur 2 | D7: CA 20 | E7: 0 | G7: CA 20 | H7: =+G7=D7 -> TRUE
A8: 45716 | B8: Sur | C8: Sur 2 | D8: CA 21 | E8: 1 | G8: CA 21 | H8: =+G8=D8 -> TRUE
A9: 45716 | B9: Sur | C9: Sur 2 | D9: CA 22 | E9: 2 | G9: CA 22 | H9: =+G9=D9 -> TRUE
A10: 45716 | B10: Sur | C10: Sur 2 | D10: CA 23 | E10: 0 | G10: CA 23 | H10: =+G10=D10 -> TRUE
A11: 45716 | B11: Sur | C11: Sur 1 | D11: CE 10 | E11: 1 | G11: CE 10 | H11: =+G11=D11 -> TRUE
A12: 45716 | B12: Norte | C12: Norte 2 | D12: LA 06 | E12: 1 | G12: LA 06 | H12: =+G12=D12 -> TRUE
A13: 45716 | B13: Norte | C13: Norte 2 | D13: LA 07 | E13: 1 | G13: LA 07 | H13: =+G13=D13 -> TRUE
... A30: 45716 | B30: Norte | C30: Norte 2 | D30: ZA 04 | E30: 2 | G30: ZA 04 | H30: =+G30=D30 -> TRUE
