Workbook

Sheet Mayo (total)
B1: ESTADO DE POZOS - MAYO 2024 (OIG PERÚ) | H1: ESTADO DE POZOS - MAYO 2024 | P1: 45413 | S1: 45413
B2: *PFORMACION | C2: *ESTADO | D2: *TIPO_DE_POZO | E2: *ULT_EST | F2: *BATERIA | H2: *PFORMACION | I2: *ESTADO | J2: *TIPO_DE_POZO | K2: *ULT_EST | L2: *BATERIA | P2: Count of *PFORMACION | S2: Count of *PFORMACION
B3: AA3 | C3: DPA | D3: SECO | E3: DPAPET | F3: ABAND. | G3: =+E3=K3 -> TRUE | H3: AA3 | I3: DPA | J3: SECO | K3: DPAPET | L3: ABAND. | P3: *ULT_EST | Q3: Total | S3: *ULT_EST | T3: Total
B4: AA11 | C4: BM | D4: BM | E4: BM | F4: CA 19 | G4: =+E4=K4 -> TRUE | H4: AA11 | I4: BM | J4: BM | K4: BM | L4: CA 19 | P4: ACTINYA | Q4: 45 | S4: ACTINYA | T4: 44 | U4: =+Q4-T4 -> 1
B5: AA16 | C5: ATA | D5: CT | E5: ATAPET | F5: ATA | G5: =+E5=K5 -> TRUE | H5: AA16 | I5: ATA | J5: CT | K5: ATAPET | L5: ATA | P5: ACTINYG | Q5: 2 | S5: ACTINYG | T5: 2 | U5: =+Q5-T5 -> 0
B6: AA25 | C6: PETS | D6: SUABTBG | E6: ACTPETS | F6: SWAB | G6: =+E6=K6 -> TRUE | H6: AA25 | I6: PETS | J6: SUABTBG | K6: ACTPETS | L6: SWAB | P6: ACTPETF | Q6: 189 | S6: ACTPETF | T6: 154 | U6: =+Q6-T6 -> 35
B7: AA26 | C7: DPA | D7: SECO | E7: DPAPET | F7: ABAND. | G7: =+E7=K7 -> TRUE | H7: AA26 | I7: DPA | J7: SECO | K7: DPAPET | L7: ABAND. | P7: ACTPETS | Q7: 496 | S7: ACTPETS | T7: 453 | U7: =+Q7-T7 -> 43
B8: AA27 | C8: PETF | D8: SUABCSG | E8: ACTPETF | F8: SWAB | G8: =+E8=K8 -> TRUE | H8: AA27 | I8: PETF | J8: SUABCSG | K8: ACTPETF | L8: SWAB | P8: APA_CNPC | Q8: 187 | S8: APA_CNPC | T8: 187 | U8: =+Q8-T8 -> 0
B9: AA28 | C9: APA | D9: A | E9: APA_PC | F9: ABAND. | G9: =+E9=K9 -> TRUE | H9: AA28 | I9: APA | J9: A | K9: APA_PC | L9: ABAND. | P9: APA_PB | Q9: 14 | S9: APA_PB | T9: 14 | U9: =+Q9-T9 -> 0
B10: AA35 | C10: ATA | D10: CT | E10: ATAPET | F10: ATA | G10: =+E10=K10 -> TRUE | H10: AA35 | I10: ATA | J10: CT | K10: ATAPET | L10: ATA | P10: APA_PC | Q10: 1013 | S10: APA_PC | T10: 1013 | U10: =+Q10-T10 -> 0
B11: AA36 | C11: APA | D11: A | E11: APAPET | F11: ABAND. | G11: =+E11=K11 -> TRUE | H11: AA36 | I11: APA | J11: A | K11: APAPET | L11: ABAND. | P11: APAPET | Q11: 290 | S11: APAPET | T11: 290 | U11: =+Q11-T11 -> 0
B12: AA37 | C12: CM | D12: CM | E12: INACTPETF | F12: SWAB | G12: =+E12=K12 -> TRUE | H12: AA37 | I12: CM | J12: CM | K12: INACTPETF | L12: SWAB | P12: ATAGAS | Q12: 3 | S12: ATAGAS | T12: 3 | U12: =+Q12-T12 -> 0
B13: AA39 | C13: PETF | D13: SUABCSG | E13: ACTPETF | F13: SWAB | G13: =+E13=K13 -> TRUE | H13: AA39 | I13: PETF | J13: SUABCSG | K13: ACTPETF | L13: SWAB | P13: ATAINY | Q13: 11 | S13: ATAINY | T13: 11 | U13: =+Q13-T13 -> 0
B14: AA40 | C14: ATA | D14: CT | E14: ATAPET | F14: ATA | G14: =+E14=K14 -> TRUE | H14: AA40 | I14: ATA | J14: CT | K14: ATAPET | L14: ATA | P14: ATAPET | Q14: 475 | S14: ATAPET | T14: 475 | U14: =+Q14-T14 -> 0
B15: AA41 | C15: DPA | D15: SECO | E15: DPAPET | F15: ABAND. | G15: =+E15=K15 -> TRUE | H15: AA41 | I15: DPA | J15: SECO | K15: DPAPET | L15: ABAND. | P15: BCP | Q15: 8 | S15: BCP | T15: 8 | U15: =+Q15-T15 -> 0
... B31: AA60 | C31: DPA | D31: SECO | E31: DPAPET | F31: ABAND. | G31: =+E31=K31 -> TRUE | H31: AA60 | I31: DPA | J31: SECO | K31: DPAPET | L31: ABAND. | P31: Total general | Q31: 5820 | S31: Total general | T31: 5820 | U31: =+Q31-T31 -> 0
B32: AA61 | C32: BM | D32: BM | E32: BM | F32: CA 19 | G32: =+E32=K32 -> TRUE | H32: AA61 | I32: BM | J32: BM | K32: BM | L32: CA 19
B33: AA62 | C33: APA | D33: A | E33: APA_CNPC | F33: ABAND. | G33: =+E33=K33 -> TRUE | H33: AA62 | I33: APA | J33: A | K33: APA_CNPC | L33: ABAND.
B34: AA63 | C34: ATA | D34: CT | E34: ATAPET | F34: ATA | G34: =+E34=K34 -> TRUE | H34: AA63 | I34: ATA | J34: CT | K34: ATAPET | L34: ATA
B35: AA64 | C35: PETS | D35: SUABTBG | E35: ACTPETS | F35: SWAB | G35: =+E35=K35 -> TRUE | H35: AA64 | I35: PETS | J35: SUABTBG | K35: ACTPETS | L35: SWAB
B36: AA65 | C36: ATA | D36: CT | E36: ATAPET | F36: ATA | G36: =+E36=K36 -> TRUE | H36: AA65 | I36: ATA | J36: CT | K36: ATAPET | L36: ATA
B37: AA66 | C37: ATA | D37: CT | E37: ATAPET | F37: ATA | G37: =+E37=K37 -> TRUE | H37: AA66 | I37: ATA | J37: CT | K37: ATAPET | L37: ATA
B38: AA68 | C38: PETS | D38: SUABTBG | E38: ACTPETS | F38: SWAB | G38: =+E38=K38 -> TRUE | H38: AA68 | I38: PETS | J38: SUABTBG | K38: ACTPETS | L38: SWAB
B39: AA70 | C39: BM | D39: BM | E39: BM | F39: CA 19 | G39: =+E39=K39 -> TRUE | H39: AA70 | I39: BM | J39: BM | K39: BM | L39: CA 19
B40: AA71 | C40: CM | D40: CM | E40: INACTBM | F40: CA 19 | G40: =+E40=K40 -> TRUE | H40: AA71 | I40: CM | J40: CM | K40: INACTBM | L40: CA 19
B41: AA72 | C41: BM | D41: BM | E41: BM | F41: CA 19 | G41: =+E41=K41 -> TRUE | H41: AA72 | I41: BM | J41: BM | K41: BM | L41: CA 19
B42: AA76 | C42: CM | D42: CM | E42: INACTPETF | F42: SWAB | G42: =+E42=K42 -> TRUE | H42: AA76 | I42: CM | J42: CM | K42: INACTPETF | L42: SWAB
B43: AA78 | C43: DPA | D43: SECO | E43: DPAPET | F43: ABAND. | G43: =+E43=K43 -> TRUE | H43: AA78 | I43: DPA | J43: SECO | K43: DPAPET | L43: ABAND.
... B5822: PTE-10 | C5822: ATA | D5822: CT | E5822: ATAPET | F5822: ATA | G5822: =+E5822=K5822 -> TRUE | H5822: PTE-10 | I5822: ATA | J5822: CT | K5822: ATAPET | L5822: ATA

Sheet Mayo
B1: ESTADO DE POZOS - MAYO 2024 (OIG PERÚ) | J1: 45413 | M1: 45383
B2: *PFORMACION | C2: *ESTADO | D2: *TIPO_DE_POZO | E2: *ULT_EST | F2: *BATERIA | G2: *ULT_EST Abril | J2: Count of *PFORMACION | M2: Count of *PFORMACION
B3: AA3 | C3: DPA | D3: SECO | E3: DPAPET | F3: ABAND. | G3: =IFERROR(VLOOKUP(B3,Abril!$B$2:$G$5822,4,0),"") -> DPAPET | J3: *ULT_EST | K3: Total | M3: *ULT_EST | N3: Total
B4: AA11 | C4: BM | D4: BM | E4: BM | F4: CA 19 | G4: =IFERROR(VLOOKUP(B4,Abril!$B$2:$G$5822,4,0),"") -> BM | J4: ACTINYA | K4: 44 | M4: ACTINYA | N4: 44 | O4: =+K4-N4 -> 0
B5: AA16 | C5: ATA | D5: CT | E5: ATAPET | F5: ATA | G5: =IFERROR(VLOOKUP(B5,Abril!$B$2:$G$5822,4,0),"") -> ATAPET | J5: ACTINYG | K5: 2 | M5: ACTPETF | N5: 192 | O5: =+K6-N5 -> -38
B6: AA25 | C6: PETS | D6: SUABTBG | E6: ACTPETS | F6: SWAB | G6: =IFERROR(VLOOKUP(B6,Abril!$B$2:$G$5822,4,0),"") -> ACTPETS | J6: ACTPETF | K6: 154 | M6: ACTPETS | N6: 510 | O6: =+K7-N6 -> -57
B7: AA26 | C7: DPA | D7: SECO | E7: DPAPET | F7: ABAND. | G7: =IFERROR(VLOOKUP(B7,Abril!$B$2:$G$5822,4,0),"") -> DPAPET | J7: ACTPETS | K7: 453 | M7: APA_CNPC | N7: 187 | O7: =+K8-N7 -> 0
B8: AA27 | C8: PETF | D8: SUABCSG | E8: ACTPETF | F8: SWAB | G8: =IFERROR(VLOOKUP(B8,Abril!$B$2:$G$5822,4,0),"") -> ACTPETF | J8: APA_CNPC | K8: 187 | M8: APA_PB | N8: 14 | O8: =+K9-N8 -> 0
B9: AA28 | C9: APA | D9: A | E9: APA_PC | F9: ABAND. | G9: =IFERROR(VLOOKUP(B9,Abril!$B$2:$G$5822,4,0),"") -> APA_PC | J9: APA_PB | K9: 14 | M9: APA_PC | N9: 1013 | O9: =+K10-N9 -> 0
B10: AA35 | C10: ATA | D10: CT | E10: ATAPET | F10: ATA | G10: =IFERROR(VLOOKUP(B10,Abril!$B$2:$G$5822,4,0),"") -> ATAPET | J10: APA_PC | K10: 1013 | M10: APAPET | N10: 290 | O10: =+K11-N10 -> 0
B11: AA36 | C11: APA | D11: A | E11: APAPET | F11: ABAND. | G11: =IFERROR(VLOOKUP(B11,Abril!$B$2:$G$5822,4,0),"") -> APAPET | J11: APAPET | K11: 290 | M11: ATAGAS | N11: 3 | O11: =+K12-N11 -> 0
B12: AA37 | C12: CM | D12: CM | E12: INACTPETF | F12: SWAB | G12: =IFERROR(VLOOKUP(B12,Abril!$B$2:$G$5822,4,0),"") -> INACTPETF | J12: ATAGAS | K12: 3 | M12: ATAINY | N12: 11 | O12: =+K13-N12 -> 0
B13: AA39 | C13: PETF | D13: SUABCSG | E13: ACTPETF | F13: SWAB | G13: =IFERROR(VLOOKUP(B13,Abril!$B$2:$G$5822,4,0),"") -> ACTPETF | J13: ATAINY | K13: 11 | M13: ATAPET | N13: 475 | O13: =+K14-N13 -> 0
B14: AA40 | C14: ATA | D14: CT | E14: ATAPET | F14: ATA | G14: =IFERROR(VLOOKUP(B14,Abril!$B$2:$G$5822,4,0),"") -> ATAPET | J14: ATAPET | K14: 475 | M14: BCP | N14: 9 | O14: =+K15-N14 -> -1
B15: AA41 | C15: DPA | D15: SECO | E15: DPAPET | F15: ABAND. | G15: =IFERROR(VLOOKUP(B15,Abril!$B$2:$G$5822,4,0),"") -> DPAPET | J15: BCP | K15: 8 | M15: BM | N15: 2124 | O15: =+K16-N15 -> -124
B16: AA42 | C16: DPA | D16: SECO | E16: DPAPET | F16: ABAND. | G16: =IFERROR(VLOOKUP(B16,Abril!$B$2:$G$5822,4,0),"") -> DPAPET | J16: BM | K16: 2000 | M16: BO | N16: 19 | O16: =+K17-N16 -> 0
... B30: AA58 | C30: BM | D30: BM | E30: BM | F30: CA 19 | G30: =IFERROR(VLOOKUP(B30,Abril!$B$2:$G$5822,4,0),"") -> BM | J30: PL | K30: 59 | M30: Total general | N30: 5820 | O30: =+K31-N30 -> 0
B31: AA60 | C31: DPA | D31: SECO | E31: DPAPET | F31: ABAND. | G31: =IFERROR(VLOOKUP(B31,Abril!$B$2:$G$5822,4,0),"") -> DPAPET | J31: Total general | K31: 5820
B32: AA61 | C32: BM | D32: BM | E32: BM | F32: CA 19 | G32: =IFERROR(VLOOKUP(B32,Abril!$B$2:$G$5822,4,0),"") -> BM
B33: AA62 | C33: APA | D33: A | E33: APA_CNPC | F33: ABAND. | G33: =IFERROR(VLOOKUP(B33,Abril!$B$2:$G$5822,4,0),"") -> APA_CNPC
B34: AA63 | C34: ATA | D34: CT | E34: ATAPET | F34: ATA | G34: =IFERROR(VLOOKUP(B34,Abril!$B$2:$G$5822,4,0),"") -> ATAPET
B35: AA64 | C35: PETS | D35: SUABTBG | E35: ACTPETS | F35: SWAB | G35: =IFERROR(VLOOKUP(B35,Abril!$B$2:$G$5822,4,0),"") -> ACTPETS
B36: AA65 | C36: ATA | D36: CT | E36: ATAPET | F36: ATA | G36: =IFERROR(VLOOKUP(B36,Abril!$B$2:$G$5822,4,0),"") -> ATAPET
B37: AA66 | C37: ATA | D37: CT | E37: ATAPET | F37: ATA | G37: =IFERROR(VLOOKUP(B37,Abril!$B$2:$G$5822,4,0),"") -> ATAPET
B38: AA68 | C38: PETS | D38: SUABTBG | E38: ACTPETS | F38: SWAB | G38: =IFERROR(VLOOKUP(B38,Abril!$B$2:$G$5822,4,0),"") -> ACTPETS
B39: AA70 | C39: BM | D39: BM | E39: BM | F39: CA 19 | G39: =IFERROR(VLOOKUP(B39,Abril!$B$2:$G$5822,4,0),"") -> BM
B40: AA71 | C40: CM | D40: CM | E40: INACTBM | F40: CA 19 | G40: =IFERROR(VLOOKUP(B40,Abril!$B$2:$G$5822,4,0),"") -> INACTBM
B41: AA72 | C41: BM | D41: BM | E41: BM | F41: CA 19 | G41: =IFERROR(VLOOKUP(B41,Abril!$B$2:$G$5822,4,0),"") -> BM
B42: AA76 | C42: CM | D42: CM | E42: INACTPETF | F42: SWAB | G42: =IFERROR(VLOOKUP(B42,Abril!$B$2:$G$5822,4,0),"") -> INACTPETF
B43: AA78 | C43: DPA | D43: SECO | E43: DPAPET | F43: ABAND. | G43: =IFERROR(VLOOKUP(B43,Abril!$B$2:$G$5822,4,0),"") -> DPAPET
... B5822: PTE-10 | C5822: ATA | D5822: CT | E5822: ATAPET | F5822: ATA | G5822: =IFERROR(VLOOKUP(B5822,Abril!$B$2:$G$5822,4,0),"") -> ATAPET

Sheet Abril
B1: ESTADO DE POZOS - ABRIL 2024 | J1: 45383 | M1: 45352
B2: *PFORMACION | C2: *ESTADO | D2: *TIPO_DE_POZO | E2: *ULT_EST | F2: *BATERIA | G2: *ULT_EST Marzo | J2: Count of *PFORMACION | M2: Count of *PFORMACION
B3: AA3 | C3: DPA | D3: SECO | E3: DPAPET | F3: ABAND. | G3: DPAPET | J3: *ULT_EST | K3: Total | M3: *ULT_EST | N3: Total
B4: AA11 | C4: BM | D4: BM | E4: BM | F4: CA 19 | G4: BM | J4: ACTINYA | K4: 44 | M4: ACTINYA | N4: 50 | O4: =+K4-N4 -> -6
B5: AA16 | C5: ATA | D5: CT | E5: ATAPET | F5: ATA | G5: ATAPET | J5: ACTPETF | K5: 192 | M5: ACTPETF | N5: 190 | O5: =+K5-N5 -> 2
B6: AA25 | C6: PETS | D6: SUABTBG | E6: ACTPETS | F6: SWAB | G6: ACTPETS | J6: ACTPETS | K6: 510 | M6: ACTPETS | N6: 509 | O6: =+K6-N6 -> 1
B7: AA26 | C7: DPA | D7: SECO | E7: DPAPET | F7: ABAND. | G7: DPAPET | J7: APA_CNPC | K7: 187 | M7: APA_CNPC | N7: 184 | O7: =+K7-N7 -> 3
B8: AA27 | C8: PETF | D8: SUABCSG | E8: ACTPETF | F8: SWAB | G8: ACTPETF | J8: APA_PB | K8: 14 | M8: APA_PB | N8: 14 | O8: =+K8-N8 -> 0
B9: AA28 | C9: APA | D9: A | E9: APA_PC | F9: ABAND. | G9: APA_PC | J9: APA_PC | K9: 1013 | M9: APA_PC | N9: 1013 | O9: =+K9-N9 -> 0
B10: AA35 | C10: ATA | D10: CT | E10: ATAPET | F10: ATA | G10: ATAPET | J10: APAPET | K10: 290 | M10: APAPET | N10: 290 | O10: =+K10-N10 -> 0
B11: AA36 | C11: APA | D11: A | E11: APAPET | F11: ABAND. | G11: APAPET | J11: ATAGAS | K11: 3 | M11: ATAGAS | N11: 3 | O11: =+K11-N11 -> 0
B12: AA37 | C12: CM | D12: CM | E12: INACTPETF | F12: SWAB | G12: INACTPETF | J12: ATAINY | K12: 11 | M12: ATAINY | N12: 11 | O12: =+K12-N12 -> 0
B13: AA39 | C13: PETF | D13: SUABCSG | E13: ACTPETF | F13: SWAB | G13: ACTPETF | J13: ATAPET | K13: 475 | M13: ATAPET | N13: 478 | O13: =+K13-N13 -> -3
B14: AA40 | C14: ATA | D14: CT | E14: ATAPET | F14: ATA | G14: ATAPET | J14: BCP | K14: 9 | M14: BCP | N14: 9 | O14: =+K14-N14 -> 0
B15: AA41 | C15: DPA | D15: SECO | E15: DPAPET | F15: ABAND. | G15: DPAPET | J15: BM | K15: 2124 | M15: BM | N15: 2183 | O15: =+K15-N15 -> -59
... B30: AA58 | C30: BM | D30: BM | E30: BM | F30: CA 19 | G30: BM | J30: Total general | K30: 5820 | M30: Total general | N30: 5820 | O30: =+K30-N30 -> 0
B31: AA60 | C31: DPA | D31: SECO | E31: DPAPET | F31: ABAND. | G31: DPAPET
B32: AA61 | C32: BM | D32: BM | E32: BM | F32: CA 19 | G32: BM
B33: AA62 | C33: APA | D33: A | E33: APA_CNPC | F33: ABAND. | G33: APA_CNPC
B34: AA63 | C34: ATA | D34: CT | E34: ATAPET | F34: ATA | G34: ATAPET
B35: AA64 | C35: PETS | D35: SUABTBG | E35: ACTPETS | F35: SWAB | G35: ACTPETS
B36: AA65 | C36: ATA | D36: CT | E36: ATAPET | F36: ATA | G36: ATAPET
B37: AA66 | C37: ATA | D37: CT | E37: ATAPET | F37: ATA | G37: ATAPET
B38: AA68 | C38: PETS | D38: SUABTBG | E38: ACTPETS | F38: SWAB | G38: ACTPETS
B39: AA70 | C39: BM | D39: BM | E39: BM | F39: CA 19 | G39: BM
B40: AA71 | C40: CM | D40: CM | E40: INACTBM | F40: CA 19 | G40: INACTBM
B41: AA72 | C41: BM | D41: BM | E41: BM | F41: CA 19 | G41: BM
B42: AA76 | C42: CM | D42: CM | E42: INACTPETF | F42: SWAB | G42: INACTPETF
... B5822: PTE-10 | C5822: ATA | D5822: CT | E5822: ATAPET | F5822: ATA | G5822: ATAPET
